,User,Tweet,Like Count,Retweet count,Education Affiliation,Sentiment,Subjectivity,Opinion Expressed
0,MrsWall08620646,"After a lovely chat with @OBWax in June, I am now in a TIME magazine article ü§ØWho would have thought #AIineducation‚Ä¶ https://t.co/FJGsttjWsU",4,0,FALSE,Positive,Very biased,FALSE
1,13esu,"RT @ESUCC: Interested in learning more about #AIinEducation?ü§ñ
Then check out this #SocialPD Story from @lherr of @esu6pd on #chatgpt4 and h‚Ä¶",0,2,FALSE,Positive,Slightly biased,FALSE
2,ellen_nayeli,"Exciting News from AcademicHelpüöÄ
We are pumped to introduce the Learning Hub üë®‚Äçüéì üë©‚Äçüéì And we are kicking off with Fr‚Ä¶ https://t.co/N8jamUWOhG",0,0,FALSE,Positive,Very biased,FALSE
3,lacoe_ito,"@MJMadda @Google @Choangy1 Thank you, Dr. Madda. Your keynote was an eye-opening, inspirational, and fun way to kic‚Ä¶ https://t.co/jB3nmN85iY",0,0,FALSE,Positive,Very biased,FALSE
4,HeidiSiwak,Check out my latest article: Helping Children Become Thoughtful Users of Generative AI (Part1)‚Ä¶ https://t.co/nKQYNJWQZt,1,0,FALSE,Positive,Very biased,TRUE
5,therealjpittman,Harvard researchers are exploring new ways to utilize ChatGPT in education. Discover how this technology is transfo‚Ä¶ https://t.co/GMejZ2Qjcm,0,0,FALSE,Positive,Slightly biased,TRUE
6,lightspeedsys,"TODAY! | #AI is the hottest üî• topic in #edtech right now, so you don't want to miss this! Join  our Lightspeed Lear‚Ä¶ https://t.co/hKBeDwRniY",0,0,FALSE,Positive,Very biased,FALSE
7,HMustaqbil,"Let's continue exploring the limitless possibilities of AI together!

#hamaramustaqbil #skillshareweek #aiineducation",0,0,FALSE,Positive,Slightly biased,TRUE
8,EduaideAi,"RT @leaningshane: Imagine a future where AI supports personalisation for every student, tailoring lessons to unique needs. Less workload fo‚Ä¶",0,1,TRUE,Positive,Very biased,TRUE
9,bruff73,"ü§ù Join our session on ethical AI use in education! Educators and administrators will explore biases, privacy, and r‚Ä¶ https://t.co/WsehTt6CLD",0,0,FALSE,Positive,Slightly biased,TRUE
10,Stottack_Tech,"Check out these fantastic AI books! üî• üìò 
.
.
#AI, #ArtificialIntelligence, #MachineLearning, #DataScience,‚Ä¶ https://t.co/Hwc3iKkGXG",1,0,FALSE,Positive,Very biased,FALSE
11,HarvardBizEdu,"Will #AI replace the educator?  

Join professors David Lefevre and @DavidShrier of @ImperialBiz to learn more abou‚Ä¶ https://t.co/Hz3Kb9d2XU",0,0,TRUE,Positive,Slightly biased,FALSE
12,alaba_ai,"Take a look at the future of #knowledge with LLM!!!üßê

https://t.co/DUkWZACsLJ

#ai #automation #LLM #ChatGPT‚Ä¶ https://t.co/LqiEd1QD8g",0,0,FALSE,Neutral,Very biased,TRUE
13,ShellTerrell,"RT @leadlearnlab: üí• New Blog Post: AI in Education: Friend or Foe?
üí° Decoding the Power of Responsible Use 
üîó https://t.co/JnjqqMRms0 

#AI‚Ä¶",0,1,FALSE,Positive,Very biased,TRUE
14,leadlearnlab,"üí• New Blog Post: AI in Education: Friend or Foe?
üí° Decoding the Power of Responsible Use 
üîó https://t.co/JnjqqMRms0‚Ä¶ https://t.co/9owLZMwrMz",1,1,TRUE,Positive,Very biased,TRUE
15,SarahRLasseter,"Excited to share my latest #YouTube video on AI Video Tools for students &amp; teachers: https://t.co/X0u2RxjhaV
Explor‚Ä¶ https://t.co/E8gC9bR0jz",0,0,FALSE,Positive,Very biased,TRUE
16,ReidMcLain,"RT @MyEdTechLife: üéß TONIGHT on #MyEdTechLife: Explore the future of learning with @margiemeacham, ""The Brain Lady!"" 

Dive into AI, neurosc‚Ä¶",0,1,FALSE,Neutral,Slightly biased,FALSE
17,webhostville,"Exploring the Transformative Trends Shaping EdTech https://t.co/tNz39S5hbX

The transformative trends in EdTech are‚Ä¶ https://t.co/h9aYGqAZ7L",0,0,FALSE,Neutral,Factual,TRUE
18,ClassPointIo,Transform your education experience with AI! The A-Z guide to AI in Education 2023 covers everything from history t‚Ä¶ https://t.co/egDFsmE4rV,1,2,FALSE,Neutral,Factual,TRUE
19,EdTechEurope,"üèÜIn this week's 2023 EdTechX Award Winner spotlight, CEO Dr. Sven Sch√ºtt shares insights into IU Group's approach a‚Ä¶ https://t.co/yalUv0nCnv",0,0,FALSE,Neutral,Factual,FALSE
20,digitalenabled,@davidjmalan hit the nail on the head regarding #AIinEducation ‚Äú... support students as we can through software and‚Ä¶ https://t.co/xYEhweE4He,0,0,FALSE,Neutral,Factual,TRUE
21,leaningshane,"Imagine a future where AI supports personalisation for every student, tailoring lessons to unique needs. Less workl‚Ä¶ https://t.co/ub0aC7nWFu",3,1,FALSE,Positive,Slightly biased,TRUE
22,cherylabla,"RT @Rdene915: Now scheduling summer PD &amp; small group coaching. Want to learn more about #AI, #chatgpt, #AR #VR #STEM and more?  #education‚Ä¶",0,3,FALSE,Positive,Slightly biased,FALSE
23,DailyAIEdu,Dive deep into the next-gen learning! Uncover how AI technologies revolutionize STEM education in the past decade!‚Ä¶ https://t.co/5IvRhs6ifP,0,0,TRUE,Negative,Slightly biased,TRUE
24,EduaideAi,RT @leaningshane: The big questions: Does #AI make teachers obsolete? How to use it effectively and ethically? New insights from @EduaideAi‚Ä¶,0,1,TRUE,Positive,Slightly biased,TRUE
25,leaningshane,The big questions: Does #AI make teachers obsolete? How to use it effectively and ethically? New insights from‚Ä¶ https://t.co/cime6DcLQo,4,1,FALSE,Positive,Slightly biased,TRUE
26,KristinOropeza,"RT @lacoe_ito: We would like to extend a big thank you to @SueThotz , @thatdopeteacher, and the other presenters at the #LACOE AI Symposium‚Ä¶",0,1,FALSE,Negative,Slightly biased,FALSE
27,EduLinkAI,üéâ NSW high schools are introducing 4 new digital &amp; IT subjects in 2024! üìö This major curriculum overhaul includes A‚Ä¶ https://t.co/jmbJKopdDQ,0,0,TRUE,Positive,Slightly biased,FALSE
28,SunshineOdoji,"üì∑ Exciting times at Schoolinka! üì∑üì∑ Recently, I had the privilege of sharing the wonders of Artificial Intelligence‚Ä¶ https://t.co/jQj0qDBTK0",1,0,FALSE,Positive,Very biased,TRUE
29,AITeacherNet,"What place does ChatGPT have within the writing process, and how do we integrate ChatGPT into the writing classroom‚Ä¶ https://t.co/KYRVhxsdtg",0,0,TRUE,Neutral,Factual,TRUE
30,AITeacherNet,"RT @AITeacherNet: Are you an educator who's hesitant to embrace AI? Fear not! In this post, we explore how ChatGPT can make your teaching r‚Ä¶",0,1,TRUE,Neutral,Factual,TRUE
31,ZeinaChalich,"Will #AI wipe out architects? üõï

The ability to create Corbusier-style marvels and 500-room hotels with just a clic‚Ä¶ https://t.co/0RewFN5FRJ",0,0,FALSE,Negative,Factual,TRUE
32,lacoe_ito,"We would like to extend a big thank you to @SueThotz , @thatdopeteacher, and the other presenters at the #LACOE AI‚Ä¶ https://t.co/gb16I2diQS",11,1,FALSE,Positive,Slightly biased,FALSE
33,DavidHurwitz,"A new dawn of education is in the offing due to the confluence of four things: Apple Vision, newly capable #AI, the‚Ä¶ https://t.co/mDkrWvL6ED",1,0,FALSE,Positive,Slightly biased,TRUE
34,DavidHurwitz,Parentally controlled ed $$$ = breakout opportunity for @Apple Vision Personal Tutors. #MoneyFollowsTheChild will l‚Ä¶ https://t.co/HWYkpfaDqH,1,0,FALSE,Neutral,Slightly biased,TRUE
35,JoinCyberSquare,"Congratulations to St. Xavier's School in Mansa, Punjab, for embracing the future of education! 

Visit‚Ä¶ https://t.co/BNQwyYAsGo",0,0,FALSE,Neutral,Slightly biased,FALSE
36,arieda_muco,üöÄ In this article I discuss Chat-GPT became my  teaching partner this year. #AIinEducation #ChatGPT #CollaborativeLearning  #EdTech,0,0,FALSE,Neutral,Factual,TRUE
37,kduttnk,RT unicon Discover how we leveraged ML to create supercharged student groups for dynamic classroom activities in ou‚Ä¶ https://t.co/WhSZ3nLL7j,0,0,FALSE,Neutral,Slightly biased,TRUE
38,unicon,Discover how we leveraged ML to create supercharged student groups for dynamic classroom activities in our free ebo‚Ä¶ https://t.co/KtYOhZ3Qco,0,0,FALSE,Positive,Slightly biased,TRUE
39,iJanetteCamacho,"üë©‚Äçüè´üß† Embrace AI in Education! Join me at #IETC in Springfield, IL, Nov 1-3 üóìÔ∏è. Learn about professional training, e‚Ä¶ https://t.co/JLvrlTYYVj",5,0,FALSE,Positive,Slightly biased,TRUE
40,Ed3educators,"RT @Ed3DAO: ChatGPT &amp; clones are revolutionizing education! Educators are preparing to utilize this AI, transforming classrooms &amp; student s‚Ä¶",0,1,TRUE,Positive,Factual,TRUE
41,GlobalEdAction,Ready to explore the potential of #AI in education? Start with our curated collection: https://t.co/kZVF64HpmW #AIinEducation #AImpactEd,2,2,FALSE,Positive,Very biased,TRUE
42,Ed3DAO,"ChatGPT &amp; clones are revolutionizing education! Educators are preparing to utilize this AI, transforming classrooms‚Ä¶ https://t.co/QtoWwvrjCK",2,1,FALSE,Positive,Factual,TRUE
43,MyEdTechLife,"üéß TONIGHT on #MyEdTechLife: Explore the future of learning with @margiemeacham, ""The Brain Lady!"" 

Dive into AI, n‚Ä¶ https://t.co/xxdRs7ijAR",7,1,FALSE,Neutral,Slightly biased,TRUE
44,ButlerCountyESC,"üì¢ Calling all educators &amp; administrators!
Share your expertise at the National Conference on AI for K-12 Educators!‚Ä¶ https://t.co/P5JS6pLo4T",3,0,FALSE,Neutral,Factual,FALSE
45,TerryKTeacher,Students at @ssisschool were candid about the role of AI in their learning. They want to learn how to use AI effici‚Ä¶ https://t.co/ZbHIh2XC5I,2,0,TRUE,Positive,Very biased,TRUE
46,leadlearnlab,"üí• New Blog Post: AI in Education: Friend or Foe? 
üí° Uncover how leaders can use AI responsibly for effective learni‚Ä¶ https://t.co/bzmxkmPMzn",0,0,TRUE,Positive,Very biased,TRUE
47,StridefutureT,"""Learning's Future: Embracing the Power of AI in Education!
.
.
.
#AIinEducation #techforward #educationrevolution‚Ä¶ https://t.co/S6kaNpJvL1",1,0,FALSE,Neutral,Slightly biased,TRUE
48,quaruleinc1,"Can universities spot ChatGPT? 
Unveiling ChatGPT in universities hinges on multiple factors. Yet, institutions can‚Ä¶ https://t.co/UX7pfIgObo",0,0,FALSE,Neutral,Factual,TRUE
49,LiamDawson7379,üåü Discover the future of education with Soffos AI - a revolutionary AI solution! üöÄüìö Embrace the cutting-edge techno‚Ä¶ https://t.co/Mz5SHAYtpy,0,0,FALSE,Neutral,Slightly biased,TRUE
50,NadiaForde6,"Revolutionizing Education: The Beneficial Impact Of AI
Discover how AI is revolutionizing education, empowering lea‚Ä¶ https://t.co/sBIQouTjwO",0,0,FALSE,Positive,Factual,TRUE
51,alaba_ai,"AI has come to change our entire world. Get hooked on the new intelligent age.ü¶æ
Visit our page‚Ä¶ https://t.co/SrDLOmWZAd",0,0,FALSE,Positive,Very biased,TRUE
52,KatieJMcNamara,Excited to be part of The AImpactEd Summit! Level up your #AI skills and explore how #ChatGPT can revolutionize tea‚Ä¶ https://t.co/dyrETHXzG4,18,5,FALSE,Positive,Very biased,TRUE
53,AInnovationAI,üì¢ Check out this blog post on how Artificial Intelligence is revolutionizing San Francisco classrooms! Learn how AI‚Ä¶ https://t.co/q280OOqQg8,0,0,FALSE,Positive,Very biased,TRUE
54,GlobalEdAction,Discover the role of #AI in the future of learning! Our resources can enlighten you: https://t.co/kZVF64HpmW #AIinEducation,1,0,FALSE,Neutral,Slightly biased,TRUE
55,boubacarbarry,RT @boubacarbarry: 1/10 üöÄüß† AI is transforming education in ways we never imagined. But what does this mean for students and teachers? Let's‚Ä¶,0,1,FALSE,Negative,Very biased,TRUE
56,AestraByOCPL,"""Redefining learning with AI! Classroom experience is now digital with chatbot-powered education quizzes. Personali‚Ä¶ https://t.co/utG6uk872y",0,0,FALSE,Neutral,Factual,TRUE
57,7anac,"üì¢üìö Discover how generative AI is transforming education! üöÄ While some educators struggle to keep up, students are d‚Ä¶ https://t.co/HVtb5O8uu4",0,0,FALSE,Neutral,Factual,TRUE
58,MathMastermind1,"Greetings, educators! As we gear up for the 2023-2024 academic year, let‚Äôs embrace the future. Here are five tips t‚Ä¶ https://t.co/jsnlW4mKzS",1,0,FALSE,Neutral,Slightly biased,TRUE
59,mcmageejr,"RT @MinervaUni: Minerva student-led initiative, AI Consensus, is one of 26 youth-led projects to receive a collective $2 million funding fr‚Ä¶",0,1,FALSE,Neutral,Factual,FALSE
60,ProfJudyKay,Excited to see the new issue of International Journal of Artificial Intelligence in Education.  Tackling the import‚Ä¶ https://t.co/Uje1P5EmzG,29,5,FALSE,Neutral,Very biased,FALSE
61,thisismyurl,#AI is transforming the way we learn! Check out this great article from thisismyurl on how AI-enabled online educat‚Ä¶ https://t.co/NRUIl59LnX,0,0,FALSE,Positive,Very biased,TRUE
62,DailyAIEdu,"Exploring a decade of AI in STEM! üß™ü§ñ From automation to support systems, dive into our retrospective review of AI-d‚Ä¶ https://t.co/PcJvnqprgM",0,0,TRUE,Neutral,Factual,TRUE
63,DailyAIEdu,"ü§ñüìöüí° Personalized learning, automated tasks, and assessments - AI has the potential to revolutionize education. But‚Ä¶ https://t.co/y0wLw7Fxnw",0,0,TRUE,Neutral,Very biased,TRUE
64,AI4Educators,"#AI #Teachertips #AIinEducation #edchat 

No need to reinvent the wheel. Take your existing material and let ChatGP‚Ä¶ https://t.co/HjzXyTIc4D",0,0,TRUE,Neutral,Factual,TRUE
65,SchoolCouldBe,How can we use AI responsibly in schools? This article dives deep into the topic and challenges our thinking. Share‚Ä¶ https://t.co/hvUgwAMCEq,5,3,TRUE,Positive,Slightly biased,TRUE
66,scotthmoss,"What an amazing day at yesterday's LACOE AI Symposium! So much skill, knowledge &amp; passion in one place. To keep up‚Ä¶ https://t.co/NYCS2Zy2VA",1,0,FALSE,Positive,Very biased,FALSE
67,GlobalEdAction,Let's innovate education with #AI! Explore our collection to see how: https://t.co/kZVF64HpmW #AIinEducation #generativeAI,0,0,FALSE,Neutral,Factual,TRUE
68,reinforz,"If you have any other questions, feel free to reach out to us via our contact page: https://t.co/dMBYbI9Hae. 
We're‚Ä¶ https://t.co/I2WA7nOwKq",8,0,FALSE,Positive,Very biased,FALSE
69,DailyAIEdu,"AI meets language learning! ü§ñüìö Find out how intelligent tutoring systems are revolutionizing language education, br‚Ä¶ https://t.co/iMaabRQGqm",0,0,TRUE,Positive,Very biased,TRUE
70,bruff73,"üîç Learn to use ChatGPT for interactive classroom discussions! Empower teachers, engage students, and foster inclusi‚Ä¶ https://t.co/wA7Vgr8URm",0,0,FALSE,Neutral,Factual,TRUE
71,tendaikwari,"#Algorithms are built by people with certain core values and beliefs, which can be transformed into‚Ä¶ https://t.co/Zx3qdDtuWf",0,0,FALSE,Positive,Very biased,TRUE
72,Akali65,In my new video I share my reflections on the future of HE and AI &amp; explore 3 opportunities and 3 challenges create‚Ä¶ https://t.co/XkIzWqSPAf,1,0,FALSE,Positive,Slightly biased,FALSE
73,mAyesha97,"Hong Kong Professors Caution Against Hasty Adoption of Generative AI on Campuses

#GenAI #AIinEducation‚Ä¶ https://t.co/X3l7jmZ1OQ",0,0,FALSE,Negative,Factual,TRUE
74,linuxgroup,RT @ipsrAcademiX: üìö Calling all Educators in India! üåü Join the National Online FDP on Outcomes-Based Education and AI Tools with the KSHC.‚Ä¶,0,2,FALSE,Neutral,Factual,FALSE
75,shortcutAI,"AI in Harvard!? OpenAI's GPT-4 completes its first semester in a humanities and social sciences course at Harvard,‚Ä¶ https://t.co/PAZvEstIcT",0,0,FALSE,Positive,Slightly biased,FALSE
76,NieskensJD,"Help your school district stand out with @Brandmark_io! Create distinct, professional logos and visual identities t‚Ä¶ https://t.co/O3Awndel6k",0,0,FALSE,Positive,Slightly biased,FALSE
77,MrsKylieHand,"Wow! What an excellent resource @Wharton! Not quite done with the series yet, but so far my favorite is Part 4 beca‚Ä¶ https://t.co/tCouxeZM3u",4,0,FALSE,Positive,Very biased,FALSE
78,lacoe_ito,We have an amazing lineup for our AI Symposium Panel. @SMMendoza123 @ThatDopeTeacher  @kat_goyette @HaniyaSamaa Gar‚Ä¶ https://t.co/fbY4fGLZfX,10,4,FALSE,Positive,Very biased,FALSE
79,AdvClassTech,@lacoe_ito @MerlynMind @Promethean We are happy to sponsor and even happier participating in such a thought-provoki‚Ä¶ https://t.co/33MurMMlri,0,0,FALSE,Positive,Very biased,FALSE
80,DavidHurwitz,"#AI tutors, supervised by human educators, will provide personalized tutoring to students of all ages, from those l‚Ä¶ https://t.co/4JBIYM4RFR",1,0,FALSE,Neutral,Slightly biased,TRUE
81,DavidHurwitz,"#AI + #AppleVisionPro = a product fusion of epochal proportions: personalized, encompassing, immersive experiences‚Ä¶ https://t.co/PH2o9Wve9D",1,0,FALSE,Neutral,Factual,TRUE
82,DavidHurwitz,Apple Vision Personal Tutors will relieve parental frustration with #factoryschools &amp; the‚Ä¶ https://t.co/F0WdD95rKA,1,0,FALSE,Neutral,Slightly biased,TRUE
83,DavidHurwitz,"#AppleVisionPro's epochal rise will be powered by world-changing products, category creating products, billionaire‚Ä¶ https://t.co/jvuvhEwK19",0,0,FALSE,Neutral,Factual,FALSE
84,lacoe_ito,The wonderful @kat_goyette  from @CADeptEd getting to the nitty gritty of AI at the #LACOE AI Symposium. #LACOEAI‚Ä¶ https://t.co/GYBUPZF772,21,5,FALSE,Positive,Very biased,FALSE
85,MinervaUni,"Minerva student-led initiative, AI Consensus, is one of 26 youth-led projects to receive a collective $2 million fu‚Ä¶ https://t.co/PTiU7QBQVs",3,1,FALSE,Neutral,Factual,FALSE
86,WomenEd,"RT @ZeinaChalich: How might we balance technology with humanity to create inclusive, productive learning communities that allow people to f‚Ä¶",0,1,FALSE,Neutral,Factual,TRUE
87,CCIU_24,Want to learn how to include AI in your math or science classroom? Curious about how AI can revolutionize your assi‚Ä¶ https://t.co/IjJFlgZCSc,4,3,FALSE,Negative,Very biased,TRUE
88,TraferaOfficial,"Enjoy our webinar with @HanrahanLEAP on unlocking the power of #AIinEdu? üîìüîë

üïµÔ∏è‚Äç‚ôÄÔ∏è Discover more tips on‚Ä¶ https://t.co/F7S5pggfgp",0,0,FALSE,Positive,Slightly biased,TRUE
89,DailyAIEdu,"üöÄBlast off into the future of education with AI! ü§ñ It's not just about robots taking over, it's about empowering ou‚Ä¶ https://t.co/6BG2asF9QF",0,0,TRUE,Neutral,Slightly biased,TRUE
90,Akali65,Excited to share my new video! Discover 5 strategies fostering  learning with AI &amp; unique assessments that can't be‚Ä¶ https://t.co/hpXRHi8AM3,1,0,FALSE,Positive,Very biased,TRUE
91,ellen_nayeli,"Getting ready for school with @quizgecko üìö
This AI-driven platform customizes your study tools and saves you time w‚Ä¶ https://t.co/DXnHUDdsLq",1,0,FALSE,Positive,Slightly biased,TRUE
92,Bree_Gage,"@PBVUSD ELS energizing teachers and admin alike, our new assistant principal shares how to leverage AI to produce h‚Ä¶ https://t.co/TElp4tcMlh",10,2,FALSE,Positive,Slightly biased,TRUE
93,JA_Maryland,"üì£ Attention, parents and educators! üì£ Almost half

of teens express their likelihood to embrace AI in their schoolw‚Ä¶ https://t.co/Xv636WEGwl",0,0,FALSE,Neutral,Slightly biased,TRUE
94,MizMoBile,"Digital skills are no longer enough. AI-powered digital literacy is a must in all sectors, education included.
The‚Ä¶ https://t.co/O7c7tFESaL",1,0,FALSE,Neutral,Slightly biased,TRUE
95,GlobalEdAction,#OpenAI is making waves in education! Explore how with our curated resources. #AIinEducation https://t.co/kZVF64HpmW,1,0,FALSE,Neutral,Factual,TRUE
96,TCEA,Take a look at #ChatGPT prompts for educators! Learn how to craft your best prompt to maximize your results and get‚Ä¶ https://t.co/BnrzcUCHil,88,36,FALSE,Positive,Slightly biased,TRUE
97,ButlerCountyESC,"üì¢ Save the Date: National Conference on AI for K-12 Schools! 

üóìÔ∏è Date: Nov 7 
‚è∞ Time: 8am-3pm to
üìç Location: Fairf‚Ä¶ https://t.co/eZ8J5JbuPc",0,0,FALSE,Neutral,Factual,FALSE
98,bruff73,"üì¢ Join our ChatGPT in Education workshop! Enhance teaching, engage students, and simplify administrative tasks with‚Ä¶ https://t.co/prhXnrL7f5",0,0,FALSE,Neutral,Factual,TRUE
99,adsolutions_orl,Let's dive into the AI-driven future of learning together! Here‚Äôs a quick read on how ChatGPT may impact and potent‚Ä¶ https://t.co/Cmz6YJ3udZ,1,0,FALSE,Positive,Slightly biased,TRUE
100,wallacedanielle,"4 Reasons Language Models Can't Replace L&amp;D Expertise ‚Äî Learning Guild

https://t.co/DYT5t2fD9V

#LanguageModels‚Ä¶ https://t.co/TrbPuZd41H",0,0,FALSE,Negative,Factual,TRUE
101,tescaglobal,Our STEM/Robotics/AI education program is more than just a collection of projects. It's a comprehensive curriculum‚Ä¶ https://t.co/Dt2APjAuUv,2,0,FALSE,Positive,Slightly biased,TRUE
102,JoshuaJClark_,"Digging into ""Architects of Intelligence: The Truth About AI From The People Building It"" (https://t.co/IJIlTJw8Ov)‚Ä¶ https://t.co/iy7nnFywMF",0,0,FALSE,Neutral,Factual,FALSE
103,TheNatCollege,"üì£ We have collaborated with Darren Coxon, #AI education specialist, to deliver a brand-new webinar for‚Ä¶ https://t.co/bp3RurlCPq",2,0,FALSE,Neutral,Factual,FALSE
104,ipsrAcademiX,üìö Calling all Educators in India! üåü Join the National Online FDP on Outcomes-Based Education and AI Tools with the‚Ä¶ https://t.co/Y8zqBqF6Zx,1,2,FALSE,Neutral,Factual,FALSE
105,bar_zie,Join the Conversation - Empowering Students in AI Education! Visit https://t.co/X3GE0Do0h8 to learn how AI advisory‚Ä¶ https://t.co/QaYvOYoOzs,4,3,FALSE,Neutral,Factual,TRUE
106,Bromcom,"Another day, another Shard presentation üòé

Watch as Derek Hills discusses the ùóΩùóºùòÑùó≤ùóø ùóºùó≥ ùóîùóú ùòÑùó∂ùòÅùóµùó∂ùóª ùó≤ùó±ùòÇùó∞ùóÆùòÅùó∂ùóºùóª, includi‚Ä¶ https://t.co/8c3UE8VSox",2,0,FALSE,Neutral,Factual,TRUE
107,ShakeUpLearning,"‚è∞ Only a Few Hours Left! 

üöÄ Last call for the AI-Powered #ChoiceBoard Mini Workshop for $7! (Price goes up tomorro‚Ä¶ https://t.co/t3j5xv5e7B",2,0,TRUE,Positive,Slightly biased,FALSE
108,GlobalEdAction,Find out how #AI is reshaping education. Our curated collection can guide you: https://t.co/kZVF64HpmW‚Ä¶ https://t.co/cjQeqv3yiy,1,0,FALSE,Neutral,Factual,TRUE
109,ZeinaChalich,"How might we balance technology with humanity to create inclusive, productive learning communities that allow peopl‚Ä¶ https://t.co/TdJfN4QOVM",6,1,FALSE,Neutral,Factual,TRUE
110,secondleif,"Highly recommended introduction to using AI in Education. #Edtech, #AIinEducation, #MIEExpert . Great set of videos‚Ä¶ https://t.co/KYvsxmslcf",5,2,FALSE,Positive,Very biased,FALSE
111,jessicatenuta,RT @packbackco: üí´Deep Dives fulfills our purpose - helping students discover &amp; express their unique voices! Hear it from a student who leve‚Ä¶,0,1,FALSE,Positive,Very biased,FALSE
112,TraferaOfficial,"It's not too late! ‚è∞ Use #AIinEdu tips from @HanrahanLEAP to üîé discover how #TeachingWithAI can:

üèÉ‚Äç‚ôÇÔ∏èüèÅ streamline‚Ä¶ https://t.co/cQAbwK7TeP",0,0,FALSE,Negative,Very biased,FALSE
113,HanrahanLEAP,"RT @TraferaOfficial: ‚úÖ Like this helpful infographic for teachers to make engineering an AI prompt easier? 

üìÜ‚è∞ You'll love ü©µ our webinar w‚Ä¶",0,1,FALSE,Positive,Very biased,FALSE
114,Universus_tech,Ai has surpassed humans at a number of tasks and the rate at which humans are being surpassed at new tasks is incre‚Ä¶ https://t.co/oA8LMgCrHH,0,0,FALSE,Negative,Slightly biased,TRUE
115,AInnovationAI,"""üìö How can artificial intelligence revolutionize classrooms? Central Florida schools are diving into this innovativ‚Ä¶ https://t.co/lCtwbOIXNV",0,0,FALSE,Negative,Very biased,TRUE
116,packbackco,üí´Deep Dives fulfills our purpose - helping students discover &amp; express their unique voices! Hear it from a student‚Ä¶ https://t.co/LbryqL38MI,1,1,FALSE,Positive,Very biased,FALSE
117,TraferaOfficial,"‚úÖ Like this helpful infographic for teachers to make engineering an AI prompt easier? 

üìÜ‚è∞ You'll love ü©µ our webina‚Ä¶ https://t.co/6VUooYLHSm",1,1,FALSE,Positive,Very biased,FALSE
118,MelissaCAdkins,Wow! Thanks @ISTEOfficial for this! https://t.co/VEuzzayUCt #AIinEducation,2,0,FALSE,Positive,Very biased,FALSE
119,ShakeUpLearning,"LAST DAY to Pre-Order ü¶æ AI-Powered #ChoiceBoards Mini Workshop for ONLY $7! (save $20)
üíª Prompts
üß∞ Tools
üìù Template‚Ä¶ https://t.co/GwUMo1lpht",0,0,TRUE,Neutral,Very biased,FALSE
120,RaeSnape,"RT @theaieducatorX: When Google assign you an interior designer for your webcam background!

Looking forward to taking part in their Teachi‚Ä¶",0,1,FALSE,Neutral,Factual,FALSE
121,Tech_She_Can,A teacher has shared with @tes how she's leveraging AI in her classroom to enhance learning experiences. Are you us‚Ä¶ https://t.co/ptvGeVioNW,3,0,FALSE,Neutral,Factual,TRUE
122,MasterYourStory,Visit us at https://t.co/NSeHrtCRl8 to discover how we're harnessing #AI to boost productivity and enhance student‚Ä¶ https://t.co/3s6RRzqI45,0,0,FALSE,Neutral,Factual,TRUE
123,TirotG,"RT @TCEA: ‚ú®Get an EDITABLE prompt template and create a rubric with #ChatGPT in less than one minute! 
üëÄ Watch it work its magic in an exam‚Ä¶",0,91,FALSE,Positive,Very biased,TRUE
124,GamaLearn,Exciting News: Part-2 of our latest blog is live! Discover academic integrity &amp; AI-powered cheating. Read now:‚Ä¶ https://t.co/3yycR6ZW5e,2,0,TRUE,Negative,Very biased,TRUE
125,LivUniCIE,"RT @RobDLindsay: Exploring AI in Higher Education? Charlie Reis (Director EDU, XJTLU) shares vital insights on implementing AI for inclusiv‚Ä¶",0,1,FALSE,Positive,Slightly biased,TRUE
126,RobDLindsay,"Exploring AI in Higher Education? Charlie Reis (Director EDU, XJTLU) shares vital insights on implementing AI for i‚Ä¶ https://t.co/eMEwxwu1JF",4,1,FALSE,Positive,Slightly biased,TRUE
127,codestudiopak,"HKU drops ban on students using AI tools

https://t.co/heClJDzy8a

#AIinEducation
#HKU
#AIinHKU
#AIIntegration‚Ä¶ https://t.co/ytX5iawn8F",0,0,FALSE,Negative,Factual,TRUE
128,Mobiloitte,"Personalized learning powered by AI, makes education more student-friendly and effective. Discover this revolution‚Ä¶ https://t.co/QT1njK5S81",1,0,FALSE,Positive,Very biased,TRUE
129,AlanaWinnick,RT @MrsKylieHand: Appreciate the leadership of @ajjuliani @courosa @AlanaWinnick @mrpiercEy @coolcatteacher yesterday at @CCIU_24 in guidin‚Ä¶,0,1,FALSE,Neutral,Factual,FALSE
130,fujifilmbiau,"#AI in #education Opinions are diverse Some fear being left behind by AI advancements, while others are excited abo‚Ä¶ https://t.co/uqK8cu7BKp",0,0,FALSE,Neutral,Slightly biased,TRUE
131,MrsKylieHand,Appreciate the leadership of @ajjuliani @courosa @AlanaWinnick @mrpiercEy @coolcatteacher yesterday at @CCIU_24 in‚Ä¶ https://t.co/6YO667jFRw,9,1,FALSE,Neutral,Factual,FALSE
132,JM37949334,"By combining creative tools &amp; embracing the unknown, we can provide young minds with an early glimpse into these fa‚Ä¶ https://t.co/pVsg57WlAI",1,0,FALSE,Positive,Very biased,FALSE
133,mikerford,RT @GrowthOverTime: Starting in 30 minutes! 7:00pm ET! Join us for a conversation on how our classrooms will transform with generative AI.‚Ä¶,0,1,FALSE,Neutral,Slightly biased,TRUE
134,GrowthOverTime,Starting in 30 minutes! 7:00pm ET! Join us for a conversation on how our classrooms will transform with generative‚Ä¶ https://t.co/YlAM411Hrk,0,1,FALSE,Neutral,Slightly biased,TRUE
135,GlobalEdAction,Transform your approach to education with the power of #AI. Dive into our resources: https://t.co/kZVF64HpmW #AIinEducation,0,0,FALSE,Neutral,Factual,TRUE
136,ContactNorth,RT @OCASpartners: Our friends at @ContactNorth are researching the ways that artificial intelligence (AI) can be used to support learners.‚Ä¶,0,2,FALSE,Negative,Very biased,TRUE
137,BerreEirik,RT @MrsWall08620646: When you have to miss an online @curipodofficial session because you are talking to the nice lady from TIME magazine a‚Ä¶,0,1,FALSE,Positive,Very biased,FALSE
138,aivilledotcom,"ü§î Big secret exposed! The AI Teaching Assistant üïµÔ∏è‚Äç‚ôÄÔ∏è is revolutionizing classrooms worldwide üîí Let's dive in, educ‚Ä¶ https://t.co/JXwZGTlHDr",0,0,FALSE,Neutral,Slightly biased,TRUE
139,AInnovationAI,Exciting news! CTLE is hosting a faculty symposium on Artificial Intelligence ü§ñüìö Join us to explore the latest adva‚Ä¶ https://t.co/3nS5tTfEYf,0,0,FALSE,Positive,Very biased,FALSE
140,HiLink_Inc,üéì #BacktoSchool with Efficiency! üéí Join Miss Jackson (@missjackson_in3rd) on TikTok as she explores HiLink‚Ä¶ https://t.co/YxCrc9ryTl,0,0,FALSE,Neutral,Factual,FALSE
141,theaieducatorX,"When Google assign you an interior designer for your webcam background!

Looking forward to taking part in their Te‚Ä¶ https://t.co/Rf7CS33X5s",26,1,TRUE,Neutral,Factual,FALSE
142,MrsWall08620646,The importance of creativity and good literacy skills will continue with the arrival of AI in our classrooms‚Ä¶ https://t.co/eHerr7CvF4,5,0,FALSE,Positive,Very biased,TRUE
143,jneill97,ü§ñ vs. üìö: Can AI truly help students create compelling #CollegeApplications without undermining growth and self-awar‚Ä¶ https://t.co/zyeFm92yIe,0,0,FALSE,Positive,Very biased,TRUE
144,MrsWall08620646,When you have to miss an online @curipodofficial session because you are talking to the nice lady from TIME magazin‚Ä¶ https://t.co/eoAMs58WR2,19,1,FALSE,Positive,Very biased,FALSE
145,shareefpovval,"Our 25 teachers rocked the hands-on AI-based teaching workshop, embracing new technologies with enthusiasm.  Gratef‚Ä¶ https://t.co/NPz1A7Zdsn",0,0,FALSE,Positive,Slightly biased,TRUE
146,Ranga_EDU,"RT @harrymyschoolai: New Episode Alert!!
Excited to have @Ranga_EDU join me on the Y-AI? Podcast!  We delve into AI in education and explor‚Ä¶",0,1,TRUE,Positive,Very biased,FALSE
147,aiteachingguru,"AI promises to transform homework with personalised, efficient learning. Yet, we mustn't overlook the risk of erodi‚Ä¶ https://t.co/ViZdhNiWpb",2,2,TRUE,Neutral,Factual,TRUE
148,harrymyschoolai,"New Episode Alert!!
Excited to have @Ranga_EDU join me on the Y-AI? Podcast!  We delve into AI in education and exp‚Ä¶ https://t.co/loTg8anTwC",6,1,TRUE,Positive,Very biased,FALSE
149,Edugist,Explore the exciting world of AI-driven tools reshaping classrooms. From personalized learning to smart grading and‚Ä¶ https://t.co/XUpEIg10Bn,0,0,TRUE,Positive,Very biased,TRUE
150,Edugist,"Time to Upgrade Your Teaching Toolkit! Explore top AI-driven tools by Daniel Imeli, a member of our Education Voice‚Ä¶ https://t.co/XMWw6MK7Kr",2,0,TRUE,Positive,Slightly biased,TRUE
151,Harr_Ferguson,RT @Akali65: Excited to share my new video! Discover 5 strategies fostering  learning with AI &amp; unique assessments that can't be replicated‚Ä¶,0,1,FALSE,Positive,Very biased,TRUE
152,AInnovationAI,üì¢ Exciting news! Region 16 is hosting an artificial intelligence conference for educators in the area. Learn how AI‚Ä¶ https://t.co/nwt2zVtWIr,0,0,FALSE,Negative,Very biased,FALSE
153,9Thamman,"RT @Miglaniranjan: AI-powered tutors support students: Personalized guidance, anytime, anywhere. #AIinEducation #SmartTutors #EdTechSupport‚Ä¶",0,1,FALSE,Neutral,Factual,TRUE
154,MrsWall08620646,Love this as a really quick guide to giving feedback to students on @curipodofficial #AIineducation #AIclassroom‚Ä¶ https://t.co/6ZsBWIsC0x,4,0,FALSE,Positive,Very biased,TRUE
155,Edugist,"AI-driven personalized learning is reshaping classrooms, tailoring education to each student's needs and passions.‚Ä¶ https://t.co/dLgcjKrnAp",0,0,TRUE,Neutral,Factual,TRUE
156,Akali65,Excited to share my new video! Discover 5 strategies fostering  learning with AI &amp; unique assessments that can't be‚Ä¶ https://t.co/DIdloIekG9,2,1,FALSE,Positive,Very biased,TRUE
157,Miglaniranjan,"AI-powered tutors support students: Personalized guidance, anytime, anywhere. #AIinEducation #SmartTutors‚Ä¶ https://t.co/6DTwnRwnwQ",1,1,FALSE,Neutral,Factual,TRUE
158,minerclass,August Edition of Harnessing AI for a Human-Centered Education Newsletter is here! From AI literacy &amp; AI writing in‚Ä¶ https://t.co/zkNaUHtqMX,2,0,FALSE,Neutral,Factual,TRUE
159,GrowthOverTime,"üì¢ Join the ""Teaching in the Age of AI"" webinar! 
- what will our classrooms be like? 
- lessons from past innovatio‚Ä¶ https://t.co/NSUardcER2",0,0,FALSE,Negative,Slightly biased,FALSE
160,ST_AI02,"üìö Smart Learning: AI-powered educational tools tailor learning experiences, helping students grasp concepts at thei‚Ä¶ https://t.co/8S188VYi6E",0,0,FALSE,Positive,Slightly biased,TRUE
161,elemenous,"üöÄ From Apple Distinguished Educator to Director of Learning at Apple, Dr. William Rankin's journey is awe-inspiring‚Ä¶ https://t.co/hbSpKHZnrV",3,2,FALSE,Neutral,Factual,FALSE
162,Amplify,"üéôÔ∏è  Join Math Teacher Lounge for a mini-series on AI! 

ü§ñ Discover AI's impact on education, with insights from Jen‚Ä¶ https://t.co/HhE94kiJPF",6,3,FALSE,Neutral,Factual,FALSE
163,ContactNorth,"üìö Book of the Week! üåêü§ñ 

Explore the future of #HigherEd with ‚ÄúAI &amp; Learning Futures‚Äù by Stefan Popenici + the impl‚Ä¶ https://t.co/LPyK0txXXh",1,0,FALSE,Neutral,Slightly biased,FALSE
164,GlobalEdAction,Power up your teaching methods with the help of #AI. Explore our collection: https://t.co/kZVF64HpmW #AIinEducation‚Ä¶ https://t.co/RFvBDqabzN,1,0,FALSE,Neutral,Factual,TRUE
165,packbackco,"ü§ñStudents are embracing AI like #ChatGPT, but how can we ensure they don't lose their unique voices? üöÄExplore ways‚Ä¶ https://t.co/FC7q04ksVK",1,0,FALSE,Positive,Very biased,TRUE
166,AruvianDigital,üéì AI in Education: Personalized learning experiences through AI-powered tutoring and adaptive assessments are resha‚Ä¶ https://t.co/8Lz7kYuTRp,1,0,FALSE,Neutral,Factual,TRUE
167,TheNatCollege,"Karl C. Pup√© explores the possibilities that AI brings to the classroom, and how it's transforming the way we teach‚Ä¶ https://t.co/bDqZXGJK3w",0,0,FALSE,Neutral,Factual,TRUE
168,Law_Crossing,AI in Law School Admissions! University of Michigan Law School takes a bold step by implementing AI ban. Learn abou‚Ä¶ https://t.co/7m9IrZvxjD,0,0,FALSE,Negative,Very biased,TRUE
169,AstroNoir__,Discover how AI is transforming the education landscape in our latest article. Explore the potential of AI for pers‚Ä¶ https://t.co/nLmoKPfxU1,0,0,FALSE,Positive,Very biased,TRUE
170,c_salem2,"RT @ellen_nayeli: Looking for a tool that simplifies academic research? üë©‚Äçüéì üë®‚Äçüéì
Check out @ConsensusNLPüîç 
@ConsensusNLP is an AI-powered ap‚Ä¶",0,1,FALSE,Neutral,Factual,FALSE
171,GetKlatch,Join Klatch for an illuminating live workshop on AI in Education. You will uncover how to start teaching about AI a‚Ä¶ https://t.co/xR45Z7UBoo,0,0,FALSE,Positive,Slightly biased,FALSE
172,LearnWiseAI,"Wondering how universities are leveraging AI?

A short read into the innovative projects and strategies by universi‚Ä¶ https://t.co/snH1nyKSxJ",1,0,TRUE,Positive,Very biased,FALSE
173,Matellio_Inc,Harvard University plans to use an AI chatbot similar to ChatGPT as an instructor on its flagship coding course. Th‚Ä¶ https://t.co/MsYk4kicl3,0,0,FALSE,Neutral,Slightly biased,TRUE
174,elemenous,Revolutionize your learning methods with our #AIinEducation resources! Start today: https://t.co/9Czm0tDBXm #generativeAI #OpenAI #AImpactEd,0,0,FALSE,Neutral,Factual,TRUE
175,BambukiL,"VSBLTY'S AI TO EXPAND FOCUS TO SECURITY &amp; RETAIL MEDIA NETWORKS
#SchoolSecurity
#AISecurity
#SmartSecurity‚Ä¶ https://t.co/kcRMGVUIUf",8,2,FALSE,Neutral,Factual,FALSE
176,MarianeKhater,"RT @asucdma: AI will transform the way we learn, making education more personalized and adaptive to individual needs. üéìüìöüìñ #EdTech #AIinEduc‚Ä¶",0,1,FALSE,Positive,Slightly biased,TRUE
177,domarketimpulse,"üéì AI in education can personalize learning experiences, identify gaps in learning, and provide adaptive coursework.‚Ä¶ https://t.co/3EiYx039iQ",1,0,FALSE,Neutral,Factual,TRUE
178,asucdma,"AI will transform the way we learn, making education more personalized and adaptive to individual needs. üéìüìöüìñ‚Ä¶ https://t.co/7DBcnwGZlJ",1,1,FALSE,Positive,Slightly biased,TRUE
179,GamaLearn,"üì¢ New Blog Announcement: ""The Rise of ChatGPT"" Series Part-1 is now live.
Discover the full article here:‚Ä¶ https://t.co/HyBEhGqfRO",2,0,TRUE,Positive,Very biased,FALSE
180,C4DWellbeing,üîçüéì Worried about AI in Australian education? ü§ñüí° The Centre for Digital Wellbeing proposes a multifaceted approach!‚Ä¶ https://t.co/UuY8EmyOVR,3,2,FALSE,Neutral,Factual,FALSE
181,bar_zie,"RT @bar_zie: Here are some steps you can take to help your students create AI advisory boards at your schools.

#AI #AIineducation #AIadvis‚Ä¶",0,1,FALSE,Neutral,Factual,FALSE
182,chatgptglobal,"JUST IN: Augusta County School Board delves into the potential impact of AI in classrooms, fostering growth, embrac‚Ä¶ https://t.co/j3lnzuhPMI",0,0,FALSE,Neutral,Very biased,TRUE
183,TheEducatorAU,"The Federal Government seeks feedback from principals, teachers, parents, and education stakeholders to ensure stud‚Ä¶ https://t.co/oX4zpehpZH",2,0,TRUE,Neutral,Factual,FALSE
184,bren_wagner,RT @elemenous: Check out our collection and make #AI your new teaching assistant! #AIinEducation #generativeAI #OpenAI https://t.co/9Czm0tD‚Ä¶,0,1,FALSE,Positive,Slightly biased,TRUE
185,elemenous,Check out our collection and make #AI your new teaching assistant! #AIinEducation #generativeAI #OpenAI https://t.co/9Czm0tDBXm #AImpactEd,1,1,FALSE,Positive,Slightly biased,TRUE
186,TCEA,"Get an editable #ChatGPT prompt for lesson planning and see prompt examples for activities, ideas, and differentiat‚Ä¶ https://t.co/U0b70L9Ivc",75,28,FALSE,Neutral,Factual,TRUE
187,NieskensJD,Give a creative twist to school projects with @HyperWrite! Enable students to experiment with AI-powered text gener‚Ä¶ https://t.co/js2uxt1LmW,0,0,FALSE,Positive,Very biased,TRUE
188,EducationNews_b,Top law school now welcomes #ChatGPT for admissions process! #AI revolutionizing education by allowing applicants t‚Ä¶ https://t.co/GSNaTNIv1u,0,0,TRUE,Positive,Slightly biased,TRUE
189,EduLinkAI,üöÄ1 month since launch &amp; the response to EduLink AI has been phenomenal! üéâ Massive uptake of The Checker AI &amp; glowin‚Ä¶ https://t.co/rfhph48Zds,1,0,TRUE,Positive,Very biased,FALSE
190,HollyClarkEdu,"üåûüòé This summer, join our FREE event for #educators! Boost  teaching with AI in classrooms &amp; schools.

üöÄ 10 sessions‚Ä¶ https://t.co/IpI2JnXV7d",9,2,TRUE,Positive,Very biased,TRUE
191,LindseyBowenDLC,"RT @TCEA: Boggle anyone? Learn how to use #ChatGPT to code your very own Boggle Game with Google Sheets. 

https://t.co/W9lodptOfM  via @Em‚Ä¶",0,2,FALSE,Positive,Very biased,FALSE
192,ZeinaChalich,How might we design responsibly with #AI &amp; emerging tech? ü§ñ Start with thoughtful design around the world we truly‚Ä¶ https://t.co/qvwSMKi7nN,5,0,FALSE,Positive,Very biased,TRUE
193,TCEA,Boggle anyone? Learn how to use #ChatGPT to code your very own Boggle Game with Google Sheets.‚Ä¶ https://t.co/DzYm74zpsL,11,2,FALSE,Positive,Very biased,FALSE
194,HiLink_Inc,"üéì Join Catherin Coyle (@classroomcreations on TikTok), a respected teacher &amp; educational influencer, as she unveils‚Ä¶ https://t.co/31lBk18Z4F",1,0,FALSE,Positive,Slightly biased,FALSE
195,Lkennedy37,RT @tbelmontedu: How do AI-powered edtech tools actually work? Here's a quick breakdown of how a teaching tool can communicate with service‚Ä¶,0,1,FALSE,Positive,Slightly biased,TRUE
196,TIACONtx,"Who remembers #SCANTRON from #TIACON23? ü§ñ

Well, with the help of the AI Photo Generator, Fotor, we turned it into‚Ä¶ https://t.co/2anZgXX0e2",4,0,FALSE,Neutral,Factual,FALSE
197,tbelmontedu,How do AI-powered edtech tools actually work? Here's a quick breakdown of how a teaching tool can communicate with‚Ä¶ https://t.co/uImzyep70G,5,1,TRUE,Positive,Slightly biased,TRUE
198,EntrepreneursAI,"2Ô∏è‚É£ Language Tutor: Program ChatGPT to help language learners practice conversation. 

Example: Subscription-based‚Ä¶ https://t.co/lTU6Cc0A3d",1,0,FALSE,Neutral,Factual,TRUE
199,DigCxO,"AI-driven EdTech is revolutionizing the K‚Äì12 learning landscape, bringing personalized learning experiences closer‚Ä¶ https://t.co/MjyySxQwUy",1,1,FALSE,Neutral,Factual,TRUE
200,gumruyanzh,Exciting News!Thrilled to announce the launch of our AI-powered startup in education! Our team has been working har‚Ä¶ https://t.co/8AzSQM7ROW,0,0,FALSE,Positive,Very biased,FALSE
201,007NewsToday,Is it fair for AI chatbots to help students revise for exams? ü§ñüìö Will this lead to a generation of lazy learners?‚Ä¶ https://t.co/qwIVK251y7,0,0,FALSE,Negative,Very biased,TRUE
202,ellen_nayeli,"Looking for a tool that simplifies academic research? üë©‚Äçüéì üë®‚Äçüéì
Check out @ConsensusNLPüîç 
@ConsensusNLP is an AI-powe‚Ä¶ https://t.co/XYGyhJJXUD",1,1,FALSE,Neutral,Factual,TRUE
203,scotthmoss,@MJMadda I heard that @lacoe_ito is having an amazing keynote speaker for its AI Symposium on Friday! We are very e‚Ä¶ https://t.co/acohAC8rZ5,3,0,FALSE,Positive,Very biased,FALSE
204,bar_zie,"Here are some steps you can take to help your students create AI advisory boards at your schools.

#AI‚Ä¶ https://t.co/U9PGbBkf1Y",2,1,FALSE,Neutral,Factual,FALSE
205,Techstrongai,"AI is transforming K‚Äì12 education, personalizing learning for students like never before. Learn how in our latest a‚Ä¶ https://t.co/HjERpZic7S",0,0,FALSE,Positive,Very biased,TRUE
206,AngelesVteacher,"RT @techcoachjuarez: Expediting Your Workflow with https://t.co/imFkIFQkxe: Spreadsheets, CSV Files &amp; Analysis of Student Data

https://t.c‚Ä¶",0,1,TRUE,Neutral,Factual,FALSE
207,Ed3educators,"RT @Ed3DAO: üîîEducation vs AIü§ñ: Teachers tweak assignments to beat AI chatbot, ChatGPT, used by students for homework. A ""homework apocalyps‚Ä¶",0,1,TRUE,Negative,Factual,TRUE
208,reinforz,"Visit Reinforz : https://t.co/rFFrqz5YvU
Contact us : https://t.co/dMBYbI99kG

#edtech #aiineducation #automation‚Ä¶ https://t.co/HbVrdG8hFh",7,0,FALSE,Neutral,Factual,FALSE
209,Rahuldev_Gandhi,AI in Education: An in-depth analysis of the role technology plays in our learning systems: https://t.co/Dw4veb6Prg‚Ä¶ https://t.co/dLNRACWacy,1,0,FALSE,Neutral,Factual,FALSE
210,GlobalEdAction,Ready to dive into the world of #AI in education? Check out our collection! #AIinEducation https://t.co/kZVF64HpmW #generativeAI #OpenAI,1,0,FALSE,Positive,Slightly biased,FALSE
211,Ed3DAO,"üîîEducation vs AIü§ñ: Teachers tweak assignments to beat AI chatbot, ChatGPT, used by students for homework. A ""homewo‚Ä¶ https://t.co/pQv9GtEEZl",5,1,FALSE,Neutral,Factual,TRUE
212,maiikamichel,"6Ô∏è‚É£ Empowering Education: AI is reshaping the way we learn! Adaptive learning platforms, AI tutors, and smart conte‚Ä¶ https://t.co/seyaW4oarX",0,0,FALSE,Positive,Very biased,TRUE
213,rajgup_,"üìö Education will undergo a profound transformation with AI. Personalized learning experiences, intelligent tutoring‚Ä¶ https://t.co/8Dy8SHhdb9",0,0,FALSE,Positive,Very biased,TRUE
214,Splashgain,"Gone are the days of laborious manual question creation; now, educators and institutions can leverage the power of‚Ä¶ https://t.co/eQifZekBYq",0,0,FALSE,Neutral,Factual,TRUE
215,schoolXai,"At https://t.co/FpAZeWHY1Q, It's time to level up your coding skills with the support of ai. Head online to start y‚Ä¶ https://t.co/nKOEyTrLpx",0,0,TRUE,Neutral,Factual,FALSE
216,ClassPointIo,"""Experience the power of AI in education and unleash students' full potential with Classroom AI. Empower educators‚Ä¶ https://t.co/yuXxdBYHEY",2,0,FALSE,Positive,Very biased,TRUE
217,MutluCukurova,"Glad to see that our paper on ""Automated Detection of Students' Gaze Interactions in Collaborative Learning Videos""‚Ä¶ https://t.co/W5vHKualOp",62,5,FALSE,Positive,Very biased,FALSE
218,ePravesh,"Gone are the days of laborious manual question creation; now, educators and institutions can leverage the power of‚Ä¶ https://t.co/fi8LYG53as",0,0,FALSE,Neutral,Factual,TRUE
219,digitalenabled,One of the challenges that the future use of #AIinEducation poses is how to help both teachers &amp; learners make use‚Ä¶ https://t.co/CTRgHvFlOp,2,0,FALSE,Neutral,Slightly biased,TRUE
220,RL222,"üåüüéì Empower the education revolution with AI excellence from #AIGC_Monica! üöÄüí° AI-driven personalized learning, smart‚Ä¶ https://t.co/V6wxFztaTs",0,0,FALSE,Neutral,Factual,TRUE
221,ZeinaChalich,"The new Australian Framework for #AI in Schools encompasses 6 core elements:

1. Teaching &amp; Learning üë©üèª‚Äçüè´
2. Human‚Ä¶ https://t.co/zyLnEIbU2y",8,3,FALSE,Positive,Slightly biased,FALSE
222,HollyClarkEdu,"So thankful to @microsoftflip for having me to their booth to sign my book, The AI Infused Classroom! Ian  always s‚Ä¶ https://t.co/EL3al1wqdk",46,6,TRUE,Neutral,Factual,FALSE
223,writeradar,"üçé Empowering Educators with AI-Driven Solutions üìö

Revolutionize learning with AI transcriptions and content genera‚Ä¶ https://t.co/U0X8WMfqcG",8,0,FALSE,Neutral,Factual,TRUE
224,elemenous,Discover how #OpenAI is reshaping education with our selected resources on #AIinEducation! Ready to learn? https://t.co/9Czm0tDBXm #edchat,0,0,FALSE,Positive,Slightly biased,TRUE
225,Hmason36,ü§ñ Aug 25 is all about #AIinEducation! Explore how students can benefit from AI-assisted assessments and improvement‚Ä¶ https://t.co/DVr7pE3CAO,0,0,FALSE,Neutral,Factual,TRUE
226,GlobalEdAction,Unlock the potential of #AI in your classroom! Our resources can guide you: https://t.co/kZVF64HpmW #AIinEducation #edchat,4,2,FALSE,Neutral,Very biased,TRUE
227,techcoachjuarez,"Expediting Your Workflow with https://t.co/imFkIFQkxe: Spreadsheets, CSV Files &amp; Analysis of Student Data‚Ä¶ https://t.co/Vt6Xj9Hbvd",2,1,FALSE,Neutral,Factual,FALSE
228,Canuckfourlife,"RT @BambukiL: The safety of our children in schools is essential and here $VSBY has a perfect solution with its partners!

#SchoolSecurity‚Ä¶",0,1,FALSE,Positive,Very biased,FALSE
229,MrsKylieHand,Got this hot off the press thanks to @JessicaSahl. üî•This @LeBowMBA research has already helped improve my AI prompt‚Ä¶ https://t.co/N2aqh4QWA0,2,0,FALSE,Positive,Very biased,FALSE
230,techcoachjuarez,"Expediting Your Workflow with https://t.co/imFkIFQSmM: Spreadsheets, CSV Files &amp; Analysis of Student Data‚Ä¶ https://t.co/OiFnI8G4Z1",0,0,FALSE,Neutral,Factual,FALSE
231,techcoachjuarez,"Expediting Your Workflow with https://t.co/imFkIFQkxe: Spreadsheets, CSV Files &amp; Analysis of Student Data‚Ä¶ https://t.co/T5IOLg2L4U",3,0,FALSE,Neutral,Factual,FALSE
232,MeenakshiMalha2,"RT @Reflectivediary: In the weekly #SundayDiaryy~ Embracing AI in Education

Embracing AI in education can revolutionize the way we learn!‚Ä¶",0,1,FALSE,Neutral,Factual,TRUE
233,devficsolutions,"ü§ñüìö Unleash the power of AI in education! Personalized learning experiences cater to individual needs, while UX desi‚Ä¶ https://t.co/iAogjplOIb",0,0,FALSE,Neutral,Slightly biased,TRUE
234,techcoachjuarez,"Expediting Your Workflow with https://t.co/imFkIFQkxe: Spreadsheets, CSV Files &amp; Analysis of Student Data‚Ä¶ https://t.co/yCns1ZmJQs",1,0,FALSE,Neutral,Factual,FALSE
235,techcoachjuarez,"Expediting Your Workflow with https://t.co/imFkIFQkxe: Spreadsheets, CSV Files &amp; Analysis of Student Data‚Ä¶ https://t.co/npDElJNpxz",0,0,FALSE,Neutral,Factual,FALSE
236,momblogger,"In the years to come, we can expect to see even more innovative and effective applications of AI in education but t‚Ä¶ https://t.co/UAm7Va9gTS",5,0,FALSE,Positive,Very biased,TRUE
237,Reflectivediary,"In the weekly #SundayDiaryy~ Embracing AI in Education

Embracing AI in education can revolutionize the way we lear‚Ä¶ https://t.co/O0wmyxiGfN",9,1,FALSE,Neutral,Factual,TRUE
238,techcoachjuarez,"Expediting Your Workflow with https://t.co/imFkIFQSmM: Spreadsheets, CSV Files &amp; Analysis of Student Data‚Ä¶ https://t.co/E8vXa9vA8y",1,0,FALSE,Neutral,Factual,FALSE
239,R_Sng,"RT @inworld_ai: With Inworld's intelligent #AI NPCs and @elevenlabsio voice technology, experience #GTAV as never before in the Sentient St‚Ä¶",0,5,FALSE,Positive,Very biased,FALSE
240,keyoke_za,"Generative AI, a form of artificial intelligence, uses deep neural networks to create new content based on patterns‚Ä¶ https://t.co/Sp9fv9o7GU",0,0,FALSE,Negative,Very biased,FALSE
241,AITechReviews,üí∞ü§ñ Curious about making money with ChatGPT? Explore strategies and opportunities to harness the power of AI  for pr‚Ä¶ https://t.co/Hmmd9W9IvU,0,0,FALSE,Negative,Very biased,FALSE
242,Damien_CABADI,"RT @enricomolinari: #RetailTech #banking of the future 

TY Giorgio Torre via @enricomolinari #payments #AI #marketing #GovTech #fintech #f‚Ä¶",0,4,FALSE,Neutral,Slightly biased,FALSE
244,thestudio_id,"Putting ChatGPT in the hot seat for a marketing battle you don't want to miss. ü•ä https://t.co/OFycXPb8lU

#chatgpt‚Ä¶ https://t.co/3yzJFiHO0Z",0,0,FALSE,Positive,Very biased,FALSE
245,JimyTuits,"sweet üç¨

$HRT $LW 

Like üòé üôè
 #news  #Stocks  #ToTheMoon  #tradingstrategy  #StockMarket  #UnusualActivity‚Ä¶ https://t.co/jOB0S3Vywf",0,0,FALSE,Positive,Very biased,FALSE
246,vini_jaiswal,"RT @theCUBE: What role is AI playing in the hiring process? ü§ñ

According to influencer @vini_jaiswal, #ChatGPT has shifted the recruitment‚Ä¶",0,1,FALSE,Neutral,Factual,FALSE
247,dinisguarda,"RT @enricomolinari: How #ChatGPT and #GenerativeAI can Transform the Future of Business

@Technology_GD via @enricomolinari üìå #GenerativeAI‚Ä¶",0,15,FALSE,Neutral,Slightly biased,FALSE
248,NorboyevHasan,"RT @Businessedge_co: ChatGPT Plugins are incredible, but the plugin discovery is quite the challenge ü§Ø

We have you covered! 

Our director‚Ä¶",0,158,FALSE,Positive,Very biased,FALSE
249,dinisguarda,"RT @debashis_dutta: üëåMetaGPT: The Multi-Agent Frameworküëà
Assign different roles to GPTs to form a collaborative software entity for complex‚Ä¶",0,5,FALSE,Neutral,Very biased,FALSE
250,QBotGPT,"RT @QBotGPT: üåê Exciting news to our users in China! üéâ We've integrated with Alipay to make subscribing to Q, ChatGPT for Slack even easier!‚Ä¶",0,2,FALSE,Positive,Very biased,FALSE
251,GeorgeMcInt,RT @emilymbender: More excellent coverage of the exploitative labor practices behind #ChatGPT (and the like) and their impact on workers in‚Ä¶,0,86,FALSE,Positive,Very biased,FALSE
252,dinisguarda,"RT @jamilahmed_16: ü§ñWhat are the 12üîùKey Benefits of #AI for #Businesses in 2023‚ùìvia @Khulood_Almani

https://t.co/Ul971Drlqv‚Ä¶

#GenerativeA‚Ä¶",0,23,FALSE,Neutral,Factual,FALSE
253,TheMediaShower,"How to Create a Customer Journey Map (with ChatGPT Prompts)üíª

Attention, busy marketing managers: uncover valuable‚Ä¶ https://t.co/6wrvhE9tPE",0,0,FALSE,Positive,Slightly biased,FALSE
254,Amitjainisme,"RT @_0xKenny: $DNX $0.18 -&gt; $0.40 

ALL IN AI.

#chatGPT  #AI https://t.co/tDZAsMqWpv",0,6,FALSE,Neutral,Factual,FALSE
255,lawdroid,How GCs Can Use #GenerativeAI To Speak The Language Of Business More Fluently - .@atlblog https://t.co/IFRtz1qc0F‚Ä¶ https://t.co/HhhI645tVP,0,0,FALSE,Positive,Slightly biased,FALSE
256,dinisguarda,"RT @Khulood_Almani: üèÜüåéWhat are the World'süîù100 Brands in 2023‚ùì

https://t.co/jgbzVI8Qms

v/@VisualCap 
#AI #ChatGPT #GenerativeAI #Tech #te‚Ä¶",0,82,FALSE,Neutral,Factual,FALSE
257,dinisguarda,"RT @c4trends: Top 100 Global Brands in 2023 v/@VisualCap @Khulood_Almani 

#technology #tech #innovation #ChatGPT #GenerativeAI #DataAnalyt‚Ä¶",0,5,FALSE,Positive,Slightly biased,FALSE
258,Natalie41976525,"by young hotel entire poor myself 1893223üòí‚ò∫
 #ÈòøÂß® #‰∏âÁ∫ßÁâá #‰∏≠Áü≥Ê≤π #ChatGPT #ÂÜÖË°£Â§ßËµõ #ÁéãËÄÖËç£ËÄÄ #Â¶©Â™öÂ©∑ÂÑø #Ëâ≤ÊÉÖ #ËÖπËÇå #ÈôÜËê±Ëê± #1ÂØπ1 #ÊØçÁãó #91Â§ßÁ•û‚Ä¶ https://t.co/JzqccTqfvV",17,17,FALSE,Negative,Very biased,FALSE